{"cameraMode":{"drawMode":0,"name":"Shaded","section":"Shading Mode"},"sceneLighting":false,"audioPlay":false,"sceneViewState":{"showFog":true,"showMaterialUpdate":false,"showSkybox":false,"showFlares":true,"showImageEffects":true,"showParticleSystems":true},"in2DMode":false,"pivot":{"x":60.40999984741211,"y":2.4000000953674318,"z":-5.400000095367432},"rotation":{"x":0.1954205483198166,"y":0.3956604599952698,"z":-0.08656791597604752,"w":0.893180787563324},"size":2.598076105117798,"orthographic":true}